#
# TABLE STRUCTURE FOR: comments
#
use greenfield;
TRUNCATE TABLE `comments`;

insert into comments (id, text_comment, created_at, id_post, id_author) values (1, 'In tempor, turpis nec euismod scelerisque, quam turpis adipiscing lorem, vitae mattis nibh ligula nec sem.', '2017-10-10 21:29:25', 50, 7);
insert into comments (id, text_comment, created_at, id_post, id_author) values (2, 'Sed sagittis.', '2017-09-16 13:04:35', 6, 25);
insert into comments (id, text_comment, created_at, id_post, id_author) values (3, 'Quisque id justo sit amet sapien dignissim vestibulum.', '2017-05-19 10:01:01', 25, 44);
insert into comments (id, text_comment, created_at, id_post, id_author) values (4, 'Suspendisse accumsan tortor quis turpis.', '2017-05-13 06:00:34', 25, 22);
insert into comments (id, text_comment, created_at, id_post, id_author) values (5, 'Duis bibendum.', '2017-07-16 00:39:35', 13, 47);
insert into comments (id, text_comment, created_at, id_post, id_author) values (6, 'In hac habitasse platea dictumst.', '2017-07-15 02:40:20', 12, 44);
insert into comments (id, text_comment, created_at, id_post, id_author) values (7, 'Donec vitae nisi.', '2017-06-18 09:38:04', 2, 49);
insert into comments (id, text_comment, created_at, id_post, id_author) values (8, 'Morbi quis tortor id nulla ultrices aliquet.', '2017-08-01 20:16:14', 17, 48);
insert into comments (id, text_comment, created_at, id_post, id_author) values (9, 'Sed accumsan felis.', '2017-04-26 06:08:32', 30, 40);
insert into comments (id, text_comment, created_at, id_post, id_author) values (10, 'Donec semper sapien a libero.', '2018-01-07 00:06:50', 23, 29);
insert into comments (id, text_comment, created_at, id_post, id_author) values (11, 'Nulla tellus.', '2017-06-26 17:53:11', 8, 23);
insert into comments (id, text_comment, created_at, id_post, id_author) values (12, 'Nulla ut erat id mauris vulputate elementum.', '2017-07-04 18:37:24', 19, 30);
insert into comments (id, text_comment, created_at, id_post, id_author) values (13, 'Phasellus id sapien in sapien iaculis congue.', '2017-04-18 18:13:13', 47, 18);
insert into comments (id, text_comment, created_at, id_post, id_author) values (14, 'Mauris lacinia sapien quis libero.', '2017-11-21 21:39:50', 34, 48);
insert into comments (id, text_comment, created_at, id_post, id_author) values (15, 'Vestibulum rutrum rutrum neque.', '2018-03-20 18:43:14', 49, 24);
insert into comments (id, text_comment, created_at, id_post, id_author) values (16, 'Integer pede justo, lacinia eget, tincidunt eget, tempus vel, pede.', '2018-02-07 18:10:45', 24, 3);
insert into comments (id, text_comment, created_at, id_post, id_author) values (17, 'Vestibulum ante ipsum primis in faucibus orci luctus et ultrices posuere cubilia Curae; Mauris viverra diam vitae quam.', '2017-06-01 07:49:11', 2, 14);
insert into comments (id, text_comment, created_at, id_post, id_author) values (18, 'Suspendisse accumsan tortor quis turpis.', '2017-10-11 00:37:13', 39, 24);
insert into comments (id, text_comment, created_at, id_post, id_author) values (19, 'Phasellus in felis.', '2018-01-26 12:26:36', 20, 17);
insert into comments (id, text_comment, created_at, id_post, id_author) values (20, 'Maecenas ut massa quis augue luctus tincidunt.', '2017-12-26 15:26:48', 2, 45);
insert into comments (id, text_comment, created_at, id_post, id_author) values (21, 'Pellentesque ultrices mattis odio.', '2017-04-28 08:51:41', 40, 21);
insert into comments (id, text_comment, created_at, id_post, id_author) values (22, 'Mauris ullamcorper purus sit amet nulla.', '2017-11-25 16:19:41', 42, 21);
insert into comments (id, text_comment, created_at, id_post, id_author) values (23, 'In sagittis dui vel nisl.', '2017-08-24 06:36:24', 43, 42);
insert into comments (id, text_comment, created_at, id_post, id_author) values (24, 'In hac habitasse platea dictumst.', '2018-03-02 13:01:19', 17, 37);
insert into comments (id, text_comment, created_at, id_post, id_author) values (25, 'Duis bibendum.', '2018-03-24 07:40:25', 13, 30);
insert into comments (id, text_comment, created_at, id_post, id_author) values (26, 'Donec diam neque, vestibulum eget, vulputate ut, ultrices vel, augue.', '2017-11-01 08:14:59', 27, 30);
insert into comments (id, text_comment, created_at, id_post, id_author) values (27, 'Morbi a ipsum.', '2017-09-25 23:18:28', 28, 5);
insert into comments (id, text_comment, created_at, id_post, id_author) values (28, 'Integer a nibh.', '2017-10-15 18:13:48', 20, 23);
insert into comments (id, text_comment, created_at, id_post, id_author) values (29, 'Fusce lacus purus, aliquet at, feugiat non, pretium quis, lectus.', '2017-09-17 17:10:56', 33, 2);
insert into comments (id, text_comment, created_at, id_post, id_author) values (30, 'Aliquam quis turpis eget elit sodales scelerisque.', '2017-10-24 00:46:30', 1, 34);
insert into comments (id, text_comment, created_at, id_post, id_author) values (31, 'Donec semper sapien a libero.', '2017-12-11 05:53:08', 37, 30);
insert into comments (id, text_comment, created_at, id_post, id_author) values (32, 'Vestibulum rutrum rutrum neque.', '2017-09-09 20:28:58', 21, 50);
insert into comments (id, text_comment, created_at, id_post, id_author) values (33, 'Lorem ipsum dolor sit amet, consectetuer adipiscing elit.', '2017-11-23 16:29:22', 30, 19);
insert into comments (id, text_comment, created_at, id_post, id_author) values (34, 'Morbi porttitor lorem id ligula.', '2017-04-14 21:55:08', 3, 34);
insert into comments (id, text_comment, created_at, id_post, id_author) values (35, 'Duis consequat dui nec nisi volutpat eleifend.', '2017-11-06 10:17:27', 20, 19);
insert into comments (id, text_comment, created_at, id_post, id_author) values (36, 'Donec ut dolor.', '2018-03-06 18:41:29', 20, 34);
insert into comments (id, text_comment, created_at, id_post, id_author) values (37, 'Donec dapibus.', '2017-10-20 15:58:11', 30, 17);
insert into comments (id, text_comment, created_at, id_post, id_author) values (38, 'Donec ut mauris eget massa tempor convallis.', '2017-05-13 22:07:25', 35, 12);
insert into comments (id, text_comment, created_at, id_post, id_author) values (39, 'Aliquam quis turpis eget elit sodales scelerisque.', '2017-12-18 16:52:59', 39, 1);
insert into comments (id, text_comment, created_at, id_post, id_author) values (40, 'Maecenas leo odio, condimentum id, luctus nec, molestie sed, justo.', '2018-04-08 21:56:06', 43, 17);
insert into comments (id, text_comment, created_at, id_post, id_author) values (41, 'Nulla suscipit ligula in lacus.', '2018-02-19 08:19:48', 13, 20);
insert into comments (id, text_comment, created_at, id_post, id_author) values (42, 'Duis consequat dui nec nisi volutpat eleifend.', '2017-07-03 15:23:51', 48, 30);
insert into comments (id, text_comment, created_at, id_post, id_author) values (43, 'Vivamus vestibulum sagittis sapien.', '2018-03-24 08:17:01', 9, 30);
insert into comments (id, text_comment, created_at, id_post, id_author) values (44, 'Vestibulum sed magna at nunc commodo placerat.', '2017-08-31 12:44:16', 33, 16);
insert into comments (id, text_comment, created_at, id_post, id_author) values (45, 'Morbi odio odio, elementum eu, interdum eu, tincidunt in, leo.', '2017-12-02 02:02:15', 41, 12);
insert into comments (id, text_comment, created_at, id_post, id_author) values (46, 'Nullam porttitor lacus at turpis.', '2017-11-20 23:07:29', 2, 35);
insert into comments (id, text_comment, created_at, id_post, id_author) values (47, 'Quisque arcu libero, rutrum ac, lobortis vel, dapibus at, diam.', '2017-06-21 19:56:42', 1, 21);
insert into comments (id, text_comment, created_at, id_post, id_author) values (48, 'Morbi non lectus.', '2018-03-09 10:07:40', 44, 13);
insert into comments (id, text_comment, created_at, id_post, id_author) values (49, 'Vivamus vestibulum sagittis sapien.', '2018-02-22 02:09:41', 43, 14);
insert into comments (id, text_comment, created_at, id_post, id_author) values (50, 'Nulla facilisi.', '2018-03-20 15:08:19', 42, 32);

#
# TABLE STRUCTURE FOR: posts
#

TRUNCATE TABLE `posts`;

INSERT INTO `posts` (`id`, `post_text`, `created_at`, `id_author`, `id_wall`) VALUES (1, 'Numquam nisi quod enim voluptatem sunt est molestias et. Et exercitationem placeat aliquid. Aut repellat et est rerum et.', '2002-10-02 19:11:49', 31, 23);
INSERT INTO `posts` (`id`, `post_text`, `created_at`, `id_author`, `id_wall`) VALUES (2, 'Totam fugiat sed illo id doloremque. Voluptatem iusto voluptatem doloribus. Quos suscipit itaque atque consequatur.', '2007-02-23 05:14:38', 50, 2);
INSERT INTO `posts` (`id`, `post_text`, `created_at`, `id_author`, `id_wall`) VALUES (3, 'Tempore nostrum maxime maxime et ipsum consequatur. Ut soluta illum distinctio porro dolorem voluptatibus. Molestiae velit tenetur quaerat iste. Itaque porro sunt et sit sed et quia.', '1985-06-07 12:53:47', 7, 37);
INSERT INTO `posts` (`id`, `post_text`, `created_at`, `id_author`, `id_wall`) VALUES (4, 'Voluptates dolor corporis ut quia rerum. Asperiores labore rerum ea odio iusto saepe. Et sit qui qui. Consequatur sint qui animi non molestiae fuga.', '1998-05-28 17:26:53', 5, 9);
INSERT INTO `posts` (`id`, `post_text`, `created_at`, `id_author`, `id_wall`) VALUES (5, 'Eos alias eos sed quia sed sit voluptates. Omnis et reiciendis ut harum. Quam quia eligendi quae.', '1981-06-22 11:56:00', 25, 38);
INSERT INTO `posts` (`id`, `post_text`, `created_at`, `id_author`, `id_wall`) VALUES (6, 'Numquam expedita voluptatem similique architecto odit voluptates consectetur vel. Non architecto dolor suscipit incidunt velit dolorum explicabo. Quaerat repellendus ut dolore mollitia repellat deleniti.', '1976-01-05 22:00:35', 4, 3);
INSERT INTO `posts` (`id`, `post_text`, `created_at`, `id_author`, `id_wall`) VALUES (7, 'Esse temporibus fugiat accusantium similique. Consectetur temporibus blanditiis facere labore. Autem ut sed vel accusantium suscipit. Occaecati nam animi ex.', '2008-12-23 14:40:31', 15, 36);
INSERT INTO `posts` (`id`, `post_text`, `created_at`, `id_author`, `id_wall`) VALUES (8, 'Voluptatibus consequatur laudantium necessitatibus ut. Accusamus eveniet accusantium repudiandae nobis esse. Incidunt neque aspernatur omnis est repellendus. Ut qui est molestiae eaque id labore. Itaque omnis autem ea aliquid sed.', '2014-07-20 08:17:47', 10, 9);
INSERT INTO `posts` (`id`, `post_text`, `created_at`, `id_author`, `id_wall`) VALUES (9, 'Quasi magnam et voluptatum repudiandae in quisquam. Aut quos totam enim qui. Ut ea eius eius ut consequatur.', '1985-06-28 05:23:09', 42, 28);
INSERT INTO `posts` (`id`, `post_text`, `created_at`, `id_author`, `id_wall`) VALUES (10, 'Rerum qui natus beatae distinctio. Exercitationem cupiditate dolore enim eligendi.', '1993-02-14 08:03:56', 41, 35);
INSERT INTO `posts` (`id`, `post_text`, `created_at`, `id_author`, `id_wall`) VALUES (11, 'Ratione et facere laudantium voluptatem. Facere natus doloribus quia reprehenderit vel. Nemo aut ea nemo minima architecto alias itaque.', '2006-12-13 11:21:33', 26, 31);
INSERT INTO `posts` (`id`, `post_text`, `created_at`, `id_author`, `id_wall`) VALUES (12, 'Illo minus pariatur nulla qui quis. Aut quia eveniet quae eveniet quia consequatur. Sequi incidunt laudantium qui aspernatur est illum.', '1989-06-25 14:36:05', 5, 32);
INSERT INTO `posts` (`id`, `post_text`, `created_at`, `id_author`, `id_wall`) VALUES (13, 'Vitae est dolores reprehenderit voluptas qui. Neque laboriosam placeat omnis nemo. Eveniet dolor nemo cupiditate pariatur adipisci.', '1997-08-20 17:06:47', 28, 10);
INSERT INTO `posts` (`id`, `post_text`, `created_at`, `id_author`, `id_wall`) VALUES (14, 'Quisquam dicta aut nemo. Omnis quo nemo reprehenderit ut qui. Et unde officia eius vero illum debitis. Nihil ut quia sint autem similique totam. Quos ducimus eius sed et blanditiis aut quae rerum.', '2007-04-04 11:16:33', 48, 34);
INSERT INTO `posts` (`id`, `post_text`, `created_at`, `id_author`, `id_wall`) VALUES (15, 'Aut in necessitatibus exercitationem ex omnis harum vitae. Consequatur explicabo rerum aut nihil. Commodi non facilis sed accusamus dolor voluptates voluptatem. Non praesentium est eveniet possimus.', '2012-09-29 14:12:43', 31, 30);
INSERT INTO `posts` (`id`, `post_text`, `created_at`, `id_author`, `id_wall`) VALUES (16, 'Temporibus consectetur expedita nostrum laboriosam voluptatem dolores. Dolor sed qui doloribus enim ex. Adipisci laboriosam voluptas asperiores sit quo adipisci fuga.', '2001-10-21 01:34:47', 11, 18);
INSERT INTO `posts` (`id`, `post_text`, `created_at`, `id_author`, `id_wall`) VALUES (17, 'Debitis animi voluptas est debitis qui sunt beatae. Qui sed aspernatur inventore doloribus. Et odit non cum vel voluptate quam animi sunt.', '2007-03-26 09:43:19', 47, 33);
INSERT INTO `posts` (`id`, `post_text`, `created_at`, `id_author`, `id_wall`) VALUES (18, 'Quis necessitatibus quas reprehenderit laboriosam. Harum laboriosam dicta dolore architecto odit magnam aut voluptate. Doloribus vero optio eum molestiae. Veritatis quia molestias sed necessitatibus autem.', '1979-12-05 12:18:09', 42, 37);
INSERT INTO `posts` (`id`, `post_text`, `created_at`, `id_author`, `id_wall`) VALUES (19, 'Est molestias ut et repellendus voluptas tempore dolorem. Maiores velit consequatur totam. Et est ipsa quos repudiandae eum hic dolor. Qui iure occaecati modi est sunt.', '1979-07-05 15:51:20', 44, 23);
INSERT INTO `posts` (`id`, `post_text`, `created_at`, `id_author`, `id_wall`) VALUES (20, 'Sit aut consequatur sunt beatae. Vitae vitae laboriosam eaque consequatur.', '2002-12-20 08:20:14', 27, 21);
INSERT INTO `posts` (`id`, `post_text`, `created_at`, `id_author`, `id_wall`) VALUES (21, 'Dicta minus eveniet accusamus error illo. Repellat incidunt dolorem quis rem quasi atque. Fugiat distinctio delectus aliquam.', '2009-08-16 23:49:27', 44, 9);
INSERT INTO `posts` (`id`, `post_text`, `created_at`, `id_author`, `id_wall`) VALUES (22, 'Quae molestiae aut libero commodi et. Iure rem consectetur sunt tenetur repellendus.', '2017-03-20 05:08:15', 18, 11);
INSERT INTO `posts` (`id`, `post_text`, `created_at`, `id_author`, `id_wall`) VALUES (23, 'Quia aut harum aut porro in provident et. Voluptatem non maiores deleniti ut qui. Eius sed harum deleniti animi commodi et id id. Deserunt a praesentium autem eos nisi aspernatur. Deleniti explicabo impedit facere nisi itaque porro.', '2008-05-04 17:51:51', 28, 45);
INSERT INTO `posts` (`id`, `post_text`, `created_at`, `id_author`, `id_wall`) VALUES (24, 'Quisquam quam est dolores dolor. Suscipit culpa ut qui distinctio quas sit. Dolor quis modi tenetur natus sapiente. Ratione repudiandae voluptatem dolorum dolor. Facere quis quo est aut temporibus.', '2000-10-08 22:42:34', 47, 36);
INSERT INTO `posts` (`id`, `post_text`, `created_at`, `id_author`, `id_wall`) VALUES (25, 'Quia nihil architecto magnam sit sed dignissimos asperiores. Autem soluta cum laudantium dolores velit. Vel quis soluta consequuntur consequuntur. Iusto assumenda dolorem neque totam corporis.', '1972-01-12 08:20:38', 30, 16);
INSERT INTO `posts` (`id`, `post_text`, `created_at`, `id_author`, `id_wall`) VALUES (26, 'Vel quas pariatur molestiae voluptas ducimus eligendi eos. Voluptatem officia beatae facilis qui similique. Sit sint perspiciatis quae dolorem. Nulla quod minima et ab at et.', '1972-08-30 22:55:08', 10, 35);
INSERT INTO `posts` (`id`, `post_text`, `created_at`, `id_author`, `id_wall`) VALUES (27, 'In ea optio impedit aut. Voluptatem quod quis quae amet doloribus quae. Nisi nemo fugit rem aut excepturi itaque deleniti.', '2004-09-01 06:49:58', 29, 49);
INSERT INTO `posts` (`id`, `post_text`, `created_at`, `id_author`, `id_wall`) VALUES (28, 'Voluptas maxime fugit maxime totam. Qui maxime aperiam blanditiis id.', '1974-02-04 11:58:19', 42, 14);
INSERT INTO `posts` (`id`, `post_text`, `created_at`, `id_author`, `id_wall`) VALUES (29, 'Deserunt vel molestiae ipsa molestiae voluptatum aut nisi. Quaerat id quasi eum.', '2002-05-16 00:12:33', 3, 13);
INSERT INTO `posts` (`id`, `post_text`, `created_at`, `id_author`, `id_wall`) VALUES (30, 'Nam hic facere nostrum dolores corrupti ipsam laborum. Aut qui quas veniam aut voluptas. Nobis nemo esse dolores est quae laudantium ad iste. Numquam maxime impedit ipsam qui non.', '1986-02-27 06:55:14', 20, 5);
INSERT INTO `posts` (`id`, `post_text`, `created_at`, `id_author`, `id_wall`) VALUES (31, 'Repellat atque ipsum et voluptates. Assumenda expedita molestiae beatae perspiciatis tempora magnam nesciunt. Veritatis excepturi sint fuga et dolorum earum asperiores vel. Odit repudiandae qui omnis suscipit natus eos possimus voluptas.', '1995-06-07 05:23:26', 37, 21);
INSERT INTO `posts` (`id`, `post_text`, `created_at`, `id_author`, `id_wall`) VALUES (32, 'Dolorem dolorum similique ea qui et similique. Sunt facere omnis temporibus. Libero ea aut id blanditiis placeat pariatur.', '1970-07-03 20:11:40', 26, 45);
INSERT INTO `posts` (`id`, `post_text`, `created_at`, `id_author`, `id_wall`) VALUES (33, 'Veniam accusantium laudantium quos distinctio molestiae impedit. Nesciunt et nihil amet consequatur. Voluptates ullam aut adipisci ipsam eos enim.', '1971-02-13 13:33:01', 48, 6);
INSERT INTO `posts` (`id`, `post_text`, `created_at`, `id_author`, `id_wall`) VALUES (34, 'Officiis accusantium molestiae dignissimos tenetur. Praesentium cupiditate natus nihil aliquam ut. Id placeat rerum nemo. Eligendi sed velit aperiam voluptas nihil voluptatibus qui.', '2010-11-08 17:54:59', 48, 49);
INSERT INTO `posts` (`id`, `post_text`, `created_at`, `id_author`, `id_wall`) VALUES (35, 'Veritatis aut consectetur mollitia sed enim provident. Dolor quo et aliquam eveniet repellat. Qui quas alias incidunt assumenda. Rem illum aut et. Repudiandae ut nihil ratione sint non esse autem.', '2016-07-27 03:52:45', 46, 49);
INSERT INTO `posts` (`id`, `post_text`, `created_at`, `id_author`, `id_wall`) VALUES (36, 'Ipsa molestiae id aperiam quisquam. Ullam et repellendus nam eum. Rem voluptatum id est. Dolores qui veritatis quae nulla voluptas est.', '2016-09-05 22:59:43', 37, 10);
INSERT INTO `posts` (`id`, `post_text`, `created_at`, `id_author`, `id_wall`) VALUES (37, 'Aut autem et dolorum. Dolores consectetur molestias voluptatum est adipisci quaerat tempore. Ad eius quidem neque labore a. Ut deserunt velit sunt ut sint ut deleniti harum. Cumque cupiditate optio consequuntur sint ea dolores reiciendis.', '1986-02-28 03:46:56', 13, 49);
INSERT INTO `posts` (`id`, `post_text`, `created_at`, `id_author`, `id_wall`) VALUES (38, 'Quia consequatur magni sapiente. Voluptatem voluptatibus similique laudantium. Placeat molestias cum impedit accusantium excepturi. Velit totam sunt alias aut modi quia.', '2003-04-20 18:12:30', 20, 31);
INSERT INTO `posts` (`id`, `post_text`, `created_at`, `id_author`, `id_wall`) VALUES (39, 'Quia ipsum delectus est ex enim ut. Quia impedit repellat harum error et. Debitis eum eos doloribus.', '1972-05-14 08:50:07', 33, 48);
INSERT INTO `posts` (`id`, `post_text`, `created_at`, `id_author`, `id_wall`) VALUES (40, 'Consequuntur deleniti voluptatem esse et voluptatem qui ipsa error. Sunt aut recusandae qui quia sequi earum sed. Ducimus voluptatem quia expedita consequatur accusantium ab pariatur.', '2009-08-01 15:26:08', 9, 9);
INSERT INTO `posts` (`id`, `post_text`, `created_at`, `id_author`, `id_wall`) VALUES (41, 'Quidem eum dolores necessitatibus ea. Deleniti omnis vel natus quam impedit sed. Vel ipsum dolorum exercitationem quo.', '2007-02-16 23:03:44', 17, 11);
INSERT INTO `posts` (`id`, `post_text`, `created_at`, `id_author`, `id_wall`) VALUES (42, 'Iste est suscipit voluptas reiciendis qui rerum et quo. Qui culpa adipisci atque officia quidem nihil qui. Nemo maiores earum dicta voluptate fugit magni quo. Maxime molestiae modi id consequatur laborum qui.', '2012-01-27 20:02:03', 5, 28);
INSERT INTO `posts` (`id`, `post_text`, `created_at`, `id_author`, `id_wall`) VALUES (43, 'Labore incidunt qui eos ducimus consequatur quisquam. Et aspernatur magnam eligendi qui magni quo quae.', '1992-08-05 12:49:12', 4, 35);
INSERT INTO `posts` (`id`, `post_text`, `created_at`, `id_author`, `id_wall`) VALUES (44, 'Et totam ducimus nisi. Voluptates aspernatur sit officia quam minus quia ut eius. Rerum excepturi accusantium eum nihil ipsam nemo. Saepe et quaerat veniam. Cupiditate et est numquam at voluptatem aut illum necessitatibus.', '1977-10-22 18:43:39', 15, 15);
INSERT INTO `posts` (`id`, `post_text`, `created_at`, `id_author`, `id_wall`) VALUES (45, 'Quae in dicta non sit praesentium illo. Iusto accusamus necessitatibus optio impedit ut nostrum. Iure qui nostrum consequuntur et. Consequatur cupiditate accusamus magnam quibusdam perspiciatis sit quisquam aut.', '1982-09-21 01:52:29', 22, 34);
INSERT INTO `posts` (`id`, `post_text`, `created_at`, `id_author`, `id_wall`) VALUES (46, 'Soluta et tempore eaque delectus nam. Molestiae repellendus incidunt ea similique.', '1999-08-30 08:34:12', 25, 1);
INSERT INTO `posts` (`id`, `post_text`, `created_at`, `id_author`, `id_wall`) VALUES (47, 'Error aut et quis. Reprehenderit est sapiente consequatur animi maiores voluptatibus sit. Vero vero ut tempora numquam repudiandae.', '1992-11-22 21:45:16', 24, 2);
INSERT INTO `posts` (`id`, `post_text`, `created_at`, `id_author`, `id_wall`) VALUES (48, 'Atque exercitationem consequatur officia placeat. Vitae reprehenderit consequatur qui ea nemo. Et dolorem dolore accusamus sint ut quae.', '1998-07-26 11:10:01', 24, 5);
INSERT INTO `posts` (`id`, `post_text`, `created_at`, `id_author`, `id_wall`) VALUES (49, 'Facere veritatis quo enim laboriosam voluptatem earum unde saepe. Qui alias itaque dignissimos ducimus.', '2006-03-18 03:10:56', 19, 5);
INSERT INTO `posts` (`id`, `post_text`, `created_at`, `id_author`, `id_wall`) VALUES (50, 'Cum nemo voluptate consequatur numquam error saepe nemo. Velit magni laudantium est nihil repellat ducimus laudantium. Dignissimos cumque libero odio commodi quia.', '2001-05-18 11:04:14', 22, 24);


#
# TABLE STRUCTURE FOR: status
#

TRUNCATE TABLE `status`;

INSERT INTO `status` (`id`, `text`) VALUES (1, 'Perspiciatis autem doloremque repudiandae dolores veritatis ut. Aut occaecati sit et corrupti optio. Ut impedit ut ea ut veniam aut. Voluptatem velit dolorem ut non provident et et minus.');
INSERT INTO `status` (`id`, `text`) VALUES (2, 'Cum dolor quibusdam omnis non aut vel. Expedita assumenda omnis veniam et hic autem laudantium architecto. Debitis inventore quia velit non possimus. Dolorem repellat minima perferendis quae beatae.');
INSERT INTO `status` (`id`, `text`) VALUES (3, 'Voluptas quos nihil expedita dolore omnis ratione fugiat. At ipsa eos dolorem quo et. Explicabo dolore maxime ut odit explicabo voluptatem.');
INSERT INTO `status` (`id`, `text`) VALUES (4, 'Et iste earum magnam porro qui rerum. Quo sit sed et magni quia praesentium. Vel rem recusandae consequatur molestiae nulla sunt.');
INSERT INTO `status` (`id`, `text`) VALUES (5, 'Voluptatem ipsum magnam ea dicta. Assumenda animi vitae est corporis est beatae. Natus autem architecto est adipisci. Cum est voluptatem quae voluptatum beatae natus at.');
INSERT INTO `status` (`id`, `text`) VALUES (6, 'Placeat laudantium sit excepturi voluptatem itaque eum ea. Est iusto nam et a eveniet quia qui. Temporibus voluptatem nihil et reprehenderit reprehenderit aut.');
INSERT INTO `status` (`id`, `text`) VALUES (7, 'Ullam hic asperiores odio doloribus quibusdam recusandae tenetur. Facilis doloribus aspernatur et. Enim rerum facere quis voluptatum quo.');
INSERT INTO `status` (`id`, `text`) VALUES (8, 'Itaque ipsum libero aut ab autem ex sed aut. Fuga occaecati esse ea illum. Distinctio aliquid est quae veniam iste.');
INSERT INTO `status` (`id`, `text`) VALUES (9, 'Minima et et laboriosam nostrum. Expedita sed aperiam similique molestias commodi consequatur. Mollitia sed eum a deleniti nisi et reprehenderit. Qui molestias doloremque veniam odio.');
INSERT INTO `status` (`id`, `text`) VALUES (10, 'Aperiam sunt consequatur nostrum eveniet. Cum esse eveniet est reprehenderit placeat nisi dolorum. Eius numquam assumenda et nam ut placeat.');
INSERT INTO `status` (`id`, `text`) VALUES (11, 'Dolor provident consequatur optio. Exercitationem harum sit voluptatum quasi. Et molestiae quae est non voluptate dolor.');
INSERT INTO `status` (`id`, `text`) VALUES (12, 'Sint repellendus itaque eum minus illum aut tempora dolorum. Est cumque eaque rerum. Eveniet quidem et nobis culpa corporis suscipit quasi. Non dolore qui alias eligendi qui.');
INSERT INTO `status` (`id`, `text`) VALUES (13, 'Deserunt sit aspernatur maiores cupiditate ipsam. Voluptas quae eaque eligendi tempora. Non sit vel repellendus aut aspernatur deserunt.');
INSERT INTO `status` (`id`, `text`) VALUES (14, 'Odit maiores sit consequatur. Quia voluptatum optio tenetur eveniet doloremque aperiam. Ipsa impedit dolorum esse modi ratione.');
INSERT INTO `status` (`id`, `text`) VALUES (15, 'Laborum occaecati neque fuga sint. Culpa unde qui vel eligendi ut nobis eius aut. Labore culpa eius temporibus deserunt dolore voluptatibus.');
INSERT INTO `status` (`id`, `text`) VALUES (16, 'Quis ab quis sed aut aperiam et quis. Perferendis ea iste pariatur adipisci cum temporibus. Eos ratione molestiae et optio repudiandae explicabo nisi.');
INSERT INTO `status` (`id`, `text`) VALUES (17, 'Doloremque dolore voluptas qui omnis. Magni deserunt culpa consequatur est voluptatibus. Vel iure ad asperiores quos aut ut nihil.');
INSERT INTO `status` (`id`, `text`) VALUES (18, 'Ipsum qui enim eum consequatur omnis. Earum rerum explicabo soluta quia neque rerum qui. Repellat rem expedita laborum ipsum et. Quis temporibus cumque est accusantium autem et voluptatem nam.');
INSERT INTO `status` (`id`, `text`) VALUES (19, 'Quia in est molestiae est occaecati voluptas qui voluptatibus. Dolor officia quaerat libero doloribus omnis id.');
INSERT INTO `status` (`id`, `text`) VALUES (20, 'Voluptatem odio tenetur libero rerum dolor sed at commodi. Nihil molestias perferendis praesentium. Qui dolor voluptas incidunt ad ratione architecto.');
INSERT INTO `status` (`id`, `text`) VALUES (21, 'Sint delectus voluptates dignissimos sint totam qui. Voluptatibus aut officia mollitia corrupti aperiam id consequatur. Voluptas quasi maiores incidunt consequuntur reiciendis nobis.');
INSERT INTO `status` (`id`, `text`) VALUES (22, 'Autem dolorem sit culpa cum voluptas doloribus id. Quaerat nesciunt sit dolore eos non culpa ex. Architecto incidunt ad cumque accusamus dolores velit vero. Ut deleniti quisquam ut quo repudiandae.');
INSERT INTO `status` (`id`, `text`) VALUES (23, 'Quod voluptas quis quibusdam cumque repudiandae aperiam eveniet rem. Dolores nihil voluptatem facere tempore dolores quaerat nihil. Minima numquam repellat sed sapiente sed maiores.');
INSERT INTO `status` (`id`, `text`) VALUES (24, 'Nihil in alias odit velit qui et. Sit facilis nihil quam itaque veritatis blanditiis sint. Omnis quia officiis adipisci.');
INSERT INTO `status` (`id`, `text`) VALUES (25, 'Sequi eum est voluptatibus esse. Occaecati nihil fuga facere repellendus dolorum exercitationem aperiam. Odio qui necessitatibus quibusdam iure quis. Temporibus mollitia dignissimos aut quo numquam.');
INSERT INTO `status` (`id`, `text`) VALUES (26, 'Repudiandae quia temporibus ipsum ad voluptas voluptates voluptatem. Odio dignissimos numquam ratione quis voluptatem commodi.');
INSERT INTO `status` (`id`, `text`) VALUES (27, 'Ipsa sed culpa possimus est non optio. Odio odit quo itaque molestiae debitis illo sapiente nostrum. Eius cumque minima iusto ea eos aut.');
INSERT INTO `status` (`id`, `text`) VALUES (28, 'Assumenda enim culpa nobis omnis non consequatur. In explicabo enim exercitationem sunt quos.');
INSERT INTO `status` (`id`, `text`) VALUES (29, 'Inventore commodi minima reiciendis illo recusandae. Dolore animi fugit quo eos eum placeat doloremque.');
INSERT INTO `status` (`id`, `text`) VALUES (30, 'Distinctio sunt iusto at. Neque rem assumenda qui commodi in soluta. Nisi sit incidunt cupiditate maxime eius officia tempore. Aut animi reprehenderit architecto officia voluptatem.');
INSERT INTO `status` (`id`, `text`) VALUES (31, 'Saepe eos praesentium est facilis libero esse. Et et sint delectus facere. Sint voluptatem et eveniet quod qui.');
INSERT INTO `status` (`id`, `text`) VALUES (32, 'Natus perspiciatis culpa veniam fugit et sit. Ad omnis ut ipsam est quis minus. Facilis velit quia aspernatur enim rerum ut rem.\nIn eum et rerum dicta est. Ex non velit alias beatae.');
INSERT INTO `status` (`id`, `text`) VALUES (33, 'Mollitia harum qui est libero corporis consequatur. Eaque et recusandae perspiciatis doloribus qui ducimus quidem ea. Et ipsam tempore cumque quia.');
INSERT INTO `status` (`id`, `text`) VALUES (34, 'Quasi temporibus ut reprehenderit cum quis praesentium. Nisi magnam commodi est dolorum velit accusantium modi officia. Quidem ut dolores laudantium labore tempora.');
INSERT INTO `status` (`id`, `text`) VALUES (35, 'Commodi consectetur sed voluptatem maxime voluptatibus quos expedita. Voluptatem quo suscipit nobis aut similique magni qui eveniet.');
INSERT INTO `status` (`id`, `text`) VALUES (36, 'Voluptate voluptatem dolor exercitationem animi sint. Ea aut possimus repellat qui cupiditate. Suscipit qui et sint consectetur harum nulla.');
INSERT INTO `status` (`id`, `text`) VALUES (37, 'Est aut quo sed animi quis. Voluptatibus veritatis distinctio aut illo et praesentium ut.');
INSERT INTO `status` (`id`, `text`) VALUES (38, 'Et est modi nisi quaerat qui corporis. Qui dignissimos pariatur rerum ex ad. Quo voluptas ut qui repellat doloremque veritatis quia. Porro accusantium consequatur commodi beatae officia.');
INSERT INTO `status` (`id`, `text`) VALUES (39, 'Voluptas sed delectus consequuntur nihil voluptatibus. Laudantium amet suscipit sit totam. Nostrum eligendi tempore saepe culpa explicabo quia.');
INSERT INTO `status` (`id`, `text`) VALUES (40, 'Expedita tempore et ut qui aut voluptas. Voluptas dignissimos voluptas iure libero molestias. Quo magnam quo veritatis accusamus eos.');
INSERT INTO `status` (`id`, `text`) VALUES (41, 'Ad praesentium nihil qui corrupti et dolores ab. Similique est quibusdam non non soluta odio dolores. Officiis optio ipsum vitae aut omnis facere qui expedita. Perferendis nemo amet dolor non.');
INSERT INTO `status` (`id`, `text`) VALUES (42, 'Voluptatem distinctio qui error. Ut consequuntur ut excepturi sunt soluta eum. Nostrum ipsum est ratione repellat doloremque dolorum corporis.');
INSERT INTO `status` (`id`, `text`) VALUES (43, 'Quaerat aliquam perferendis sed doloribus quam esse. Voluptatibus perferendis hic nihil sapiente et nisi.');
INSERT INTO `status` (`id`, `text`) VALUES (44, 'Quia sint sint velit cupiditate hic rerum. Repellat voluptatem consectetur dolor placeat aut ipsam id. Ex repellat nobis maxime exercitationem.');
INSERT INTO `status` (`id`, `text`) VALUES (45, 'Voluptatem sint modi et non. Numquam optio saepe sed. Fugiat eos velit sint eius magnam non sunt.\nSint et voluptas accusantium consequatur eius. Ipsum qui aut quis est tempora id esse.');
INSERT INTO `status` (`id`, `text`) VALUES (46, 'Vero incidunt quidem id ad repudiandae reprehenderit. Ut quia amet repellendus vitae minus saepe laudantium. Delectus nam accusamus est est debitis nihil aliquid sunt. Dolor fugit perspiciatis eos.');
INSERT INTO `status` (`id`, `text`) VALUES (47, 'Suscipit adipisci et quos. Totam labore sed repellendus sit velit et. Fuga nesciunt sint molestias non repellendus possimus impedit natus.');
INSERT INTO `status` (`id`, `text`) VALUES (48, 'Consequatur quia omnis animi soluta at beatae. Iste suscipit enim dolor assumenda non aliquam officiis. Laboriosam dolor aut at est qui.');
INSERT INTO `status` (`id`, `text`) VALUES (49, 'Unde deserunt quia blanditiis autem officiis. Id quas quidem accusamus porro eos. Sed eum non veritatis repellendus earum. Laudantium occaecati enim consequatur vero iusto sunt.');
INSERT INTO `status` (`id`, `text`) VALUES (50, 'Illum est dolor recusandae voluptas impedit. Eveniet dolores laborum sed. Facilis libero qui error voluptatem id.');


#
# TABLE STRUCTURE FOR: user_friends
#

TRUNCATE TABLE `user_friends`;

INSERT INTO `user_friends` (`id`, `id_one`, `id_two`) VALUES (1, 31, 4);
INSERT INTO `user_friends` (`id`, `id_one`, `id_two`) VALUES (2, 22, 9);
INSERT INTO `user_friends` (`id`, `id_one`, `id_two`) VALUES (3, 11, 15);
INSERT INTO `user_friends` (`id`, `id_one`, `id_two`) VALUES (4, 25, 2);
INSERT INTO `user_friends` (`id`, `id_one`, `id_two`) VALUES (5, 7, 32);
INSERT INTO `user_friends` (`id`, `id_one`, `id_two`) VALUES (6, 10, 21);
INSERT INTO `user_friends` (`id`, `id_one`, `id_two`) VALUES (7, 29, 21);
INSERT INTO `user_friends` (`id`, `id_one`, `id_two`) VALUES (8, 30, 50);
INSERT INTO `user_friends` (`id`, `id_one`, `id_two`) VALUES (9, 14, 44);
INSERT INTO `user_friends` (`id`, `id_one`, `id_two`) VALUES (10, 19, 34);
INSERT INTO `user_friends` (`id`, `id_one`, `id_two`) VALUES (11, 44, 43);
INSERT INTO `user_friends` (`id`, `id_one`, `id_two`) VALUES (12, 50, 11);
INSERT INTO `user_friends` (`id`, `id_one`, `id_two`) VALUES (13, 19, 35);
INSERT INTO `user_friends` (`id`, `id_one`, `id_two`) VALUES (14, 29, 49);
INSERT INTO `user_friends` (`id`, `id_one`, `id_two`) VALUES (15, 9, 44);
INSERT INTO `user_friends` (`id`, `id_one`, `id_two`) VALUES (16, 13, 23);
INSERT INTO `user_friends` (`id`, `id_one`, `id_two`) VALUES (17, 33, 14);
INSERT INTO `user_friends` (`id`, `id_one`, `id_two`) VALUES (18, 5, 47);
INSERT INTO `user_friends` (`id`, `id_one`, `id_two`) VALUES (19, 49, 35);
INSERT INTO `user_friends` (`id`, `id_one`, `id_two`) VALUES (20, 46, 46);
INSERT INTO `user_friends` (`id`, `id_one`, `id_two`) VALUES (21, 25, 17);
INSERT INTO `user_friends` (`id`, `id_one`, `id_two`) VALUES (22, 33, 18);
INSERT INTO `user_friends` (`id`, `id_one`, `id_two`) VALUES (23, 12, 13);
INSERT INTO `user_friends` (`id`, `id_one`, `id_two`) VALUES (24, 21, 3);
INSERT INTO `user_friends` (`id`, `id_one`, `id_two`) VALUES (25, 25, 7);
INSERT INTO `user_friends` (`id`, `id_one`, `id_two`) VALUES (26, 13, 21);
INSERT INTO `user_friends` (`id`, `id_one`, `id_two`) VALUES (27, 23, 34);
INSERT INTO `user_friends` (`id`, `id_one`, `id_two`) VALUES (28, 46, 41);
INSERT INTO `user_friends` (`id`, `id_one`, `id_two`) VALUES (29, 31, 47);
INSERT INTO `user_friends` (`id`, `id_one`, `id_two`) VALUES (30, 41, 23);
INSERT INTO `user_friends` (`id`, `id_one`, `id_two`) VALUES (31, 8, 13);
INSERT INTO `user_friends` (`id`, `id_one`, `id_two`) VALUES (32, 45, 31);
INSERT INTO `user_friends` (`id`, `id_one`, `id_two`) VALUES (33, 6, 42);
INSERT INTO `user_friends` (`id`, `id_one`, `id_two`) VALUES (34, 41, 6);
INSERT INTO `user_friends` (`id`, `id_one`, `id_two`) VALUES (35, 6, 7);
INSERT INTO `user_friends` (`id`, `id_one`, `id_two`) VALUES (36, 30, 28);
INSERT INTO `user_friends` (`id`, `id_one`, `id_two`) VALUES (37, 34, 13);
INSERT INTO `user_friends` (`id`, `id_one`, `id_two`) VALUES (38, 22, 32);
INSERT INTO `user_friends` (`id`, `id_one`, `id_two`) VALUES (39, 48, 17);
INSERT INTO `user_friends` (`id`, `id_one`, `id_two`) VALUES (40, 47, 9);
INSERT INTO `user_friends` (`id`, `id_one`, `id_two`) VALUES (41, 42, 38);
INSERT INTO `user_friends` (`id`, `id_one`, `id_two`) VALUES (42, 48, 19);
INSERT INTO `user_friends` (`id`, `id_one`, `id_two`) VALUES (43, 46, 32);
INSERT INTO `user_friends` (`id`, `id_one`, `id_two`) VALUES (44, 31, 2);
INSERT INTO `user_friends` (`id`, `id_one`, `id_two`) VALUES (45, 39, 6);
INSERT INTO `user_friends` (`id`, `id_one`, `id_two`) VALUES (46, 7, 33);
INSERT INTO `user_friends` (`id`, `id_one`, `id_two`) VALUES (47, 23, 20);
INSERT INTO `user_friends` (`id`, `id_one`, `id_two`) VALUES (48, 35, 46);
INSERT INTO `user_friends` (`id`, `id_one`, `id_two`) VALUES (49, 47, 26);
INSERT INTO `user_friends` (`id`, `id_one`, `id_two`) VALUES (50, 30, 29);


#
# TABLE STRUCTURE FOR: users
#

TRUNCATE TABLE `users`;

INSERT INTO `users` (`id`, `username`, `password`, `full_name`, `profile_picture`, `work`, `vodka_consumption`, `txt`, `created_at`, `status`) VALUES (1, 'legros.shawna', '375', 'Fleta Friesen V', '', NULL, NULL, NULL, '2005-02-25 03:48:14', 'Nostrum quidem qui quidem nesciunt. Harum voluptatibus ab corrupti quo quibusdam id. Voluptas deleniti perferendis voluptas ea dolores ut distinctio ad. Aut asperiores provident qui aut rerum quasi qui.');
INSERT INTO `users` (`id`, `username`, `password`, `full_name`, `profile_picture`, `work`, `vodka_consumption`, `txt`, `created_at`, `status`) VALUES (2, 'noe29', '375', 'Christopher Harvey', '', NULL, NULL, NULL, '1999-09-01 17:23:02', 'Odio veniam molestiae deserunt et nesciunt nihil. Ea et veniam consequatur. Ut similique temporibus tenetur ipsa laudantium magni at. Sed libero aut atque vitae incidunt.');
INSERT INTO `users` (`id`, `username`, `password`, `full_name`, `profile_picture`, `work`, `vodka_consumption`, `txt`, `created_at`, `status`) VALUES (3, 'kshlerin.ollie', '375', 'Birdie Herzog', '', NULL, NULL, NULL, '1974-08-09 22:29:25', 'Minima nisi a ullam omnis tenetur. Fugit quibusdam omnis delectus nostrum sapiente velit quo. Et qui id illo cumque ab quaerat eligendi. Architecto est aut dolores expedita cum. Alias aut et quis.');
INSERT INTO `users` (`id`, `username`, `password`, `full_name`, `profile_picture`, `work`, `vodka_consumption`, `txt`, `created_at`, `status`) VALUES (4, 'elisa94', '375', 'Ollie Hodkiewicz', '', NULL, NULL, NULL, '1986-05-31 07:22:04', 'Cumque et voluptatum distinctio iure. Adipisci odio ut quia harum. Ipsa nostrum id nostrum cumque eius esse. Magni aut nisi eligendi commodi.');
INSERT INTO `users` (`id`, `username`, `password`, `full_name`, `profile_picture`, `work`, `vodka_consumption`, `txt`, `created_at`, `status`) VALUES (5, 'jones.erik', '375', 'Rhoda Kreiger', '', NULL, NULL, NULL, '1986-08-26 13:59:17', 'Accusamus pariatur eum rerum quia. Recusandae et sed porro atque. Impedit esse sequi libero voluptatem. Temporibus enim minus suscipit sit molestiae. Ut cumque id iusto sit sit quia qui.');
INSERT INTO `users` (`id`, `username`, `password`, `full_name`, `profile_picture`, `work`, `vodka_consumption`, `txt`, `created_at`, `status`) VALUES (6, 'garett.barton', '375', 'Malcolm Rolfson', '', NULL, NULL, NULL, '2015-11-27 03:38:41', 'Aliquid nihil cumque non corporis rerum qui alias. Exercitationem quisquam et magni nam consequuntur quo. Molestias numquam sapiente officia ratione. Dolore quod sed quasi architecto dolorum ex.');
INSERT INTO `users` (`id`, `username`, `password`, `full_name`, `profile_picture`, `work`, `vodka_consumption`, `txt`, `created_at`, `status`) VALUES (7, 'abe.considine', '375', 'Keon Windler', '', NULL, NULL, NULL, '1994-04-23 14:56:22', 'Consequuntur nemo et consequatur. Facere rerum occaecati error saepe sed maxime. Voluptatibus incidunt praesentium ea voluptatem. Dolor itaque nihil soluta.');
INSERT INTO `users` (`id`, `username`, `password`, `full_name`, `profile_picture`, `work`, `vodka_consumption`, `txt`, `created_at`, `status`) VALUES (8, 'nader.shanna', '375', 'Cecilia Keeling', '', NULL, NULL, NULL, '1983-06-21 22:10:30', 'Vel ab sunt blanditiis cum quidem cumque atque. Quas quibusdam qui illum porro non explicabo.');
INSERT INTO `users` (`id`, `username`, `password`, `full_name`, `profile_picture`, `work`, `vodka_consumption`, `txt`, `created_at`, `status`) VALUES (9, 'bell55', '375', 'Hoyt Sanford', '', NULL, NULL, NULL, '1987-04-25 02:50:38', 'Dicta provident nisi ratione unde. Quia enim fuga odio autem autem. Vel id et voluptate molestiae soluta. Dolorem ut aut sint quia excepturi asperiores ipsum hic.');
INSERT INTO `users` (`id`, `username`, `password`, `full_name`, `profile_picture`, `work`, `vodka_consumption`, `txt`, `created_at`, `status`) VALUES (10, 'cathryn95', '375', 'Orland Roob II', '', NULL, NULL, NULL, '1991-04-22 04:08:52', 'Dolor quis error est alias necessitatibus exercitationem eum. Qui voluptas fuga consectetur debitis at. Corrupti consectetur natus fugiat vel non eveniet et praesentium.');
INSERT INTO `users` (`id`, `username`, `password`, `full_name`, `profile_picture`, `work`, `vodka_consumption`, `txt`, `created_at`, `status`) VALUES (11, 'brando.olson', '375', 'Micah West', '', NULL, NULL, NULL, '1992-07-21 00:06:29', 'Voluptas delectus sit est quasi. Illo dolores earum eos assumenda omnis. Ullam doloremque nulla cum et eos. Dicta at quas a eum vel non nulla.');
INSERT INTO `users` (`id`, `username`, `password`, `full_name`, `profile_picture`, `work`, `vodka_consumption`, `txt`, `created_at`, `status`) VALUES (12, 'shea.haag', '375', 'Dr. Marlin Lakin V', '', NULL, NULL, NULL, '2012-06-16 04:53:26', 'Aut et deserunt est enim eaque vitae. Fugit et molestiae nobis optio quae. Quibusdam architecto modi reprehenderit similique.');
INSERT INTO `users` (`id`, `username`, `password`, `full_name`, `profile_picture`, `work`, `vodka_consumption`, `txt`, `created_at`, `status`) VALUES (13, 'huel.shaylee', '375', 'Dr. Jaeden Gislason MD', '', NULL, NULL, NULL, '2016-08-04 04:43:17', 'Non laudantium dolorum eaque culpa id sunt. Eum quaerat qui praesentium aut. Autem porro a doloribus et reiciendis. Qui nam et sapiente.');
INSERT INTO `users` (`id`, `username`, `password`, `full_name`, `profile_picture`, `work`, `vodka_consumption`, `txt`, `created_at`, `status`) VALUES (14, 'ushields', '375', 'Dr. Jammie Reinger', '', NULL, NULL, NULL, '2017-08-01 14:37:21', 'Quam culpa quia libero ea et consequatur inventore. Officia voluptatem nam odio ea placeat. Temporibus et magni fugiat perspiciatis cum doloremque. Asperiores deserunt quaerat explicabo quia.');
INSERT INTO `users` (`id`, `username`, `password`, `full_name`, `profile_picture`, `work`, `vodka_consumption`, `txt`, `created_at`, `status`) VALUES (15, 'alvina.reynolds', '375', 'Prof. Sabina Monahan DVM', '', NULL, NULL, NULL, '1985-03-17 16:52:06', 'Voluptas aperiam necessitatibus maiores minima ea sunt. Quia molestiae deserunt ut sit voluptatibus et qui. Minus corporis ut qui nulla enim molestiae. Architecto dolor voluptatem ducimus inventore officia delectus.');
INSERT INTO `users` (`id`, `username`, `password`, `full_name`, `profile_picture`, `work`, `vodka_consumption`, `txt`, `created_at`, `status`) VALUES (16, 'tkassulke', '375', 'Dr. Dalton Schimmel DDS', '', NULL, NULL, NULL, '1991-06-04 07:28:09', 'Porro eius nulla officiis quaerat modi. Saepe vitae at ipsum quasi aliquam. Omnis saepe error molestias et et qui. Impedit et rerum suscipit praesentium.');
INSERT INTO `users` (`id`, `username`, `password`, `full_name`, `profile_picture`, `work`, `vodka_consumption`, `txt`, `created_at`, `status`) VALUES (17, 'ufahey', '375', 'Erick Hirthe DVM', '', NULL, NULL, NULL, '1981-10-27 14:16:21', 'Beatae sequi reprehenderit velit fugit. Velit ut qui incidunt deserunt fugiat voluptates. A omnis quia doloremque. Voluptas aut culpa porro commodi.');
INSERT INTO `users` (`id`, `username`, `password`, `full_name`, `profile_picture`, `work`, `vodka_consumption`, `txt`, `created_at`, `status`) VALUES (18, 'fahey.leilani', '375', 'Prof. Delbert Abbott', '', NULL, NULL, NULL, '1980-09-12 17:40:52', 'Facere aut autem quidem similique deserunt ea fugit. Fuga qui possimus officiis vitae vel eos laborum aut. Consequatur nesciunt qui aut tempore perferendis placeat ullam.');
INSERT INTO `users` (`id`, `username`, `password`, `full_name`, `profile_picture`, `work`, `vodka_consumption`, `txt`, `created_at`, `status`) VALUES (19, 'brown.mercedes', '375', 'Aryanna Schaden', '', NULL, NULL, NULL, '2000-11-01 04:21:39', 'Sit aperiam velit eius. Quia cupiditate atque eius dolore. Assumenda consequuntur praesentium aut in quia molestiae et voluptatum.');
INSERT INTO `users` (`id`, `username`, `password`, `full_name`, `profile_picture`, `work`, `vodka_consumption`, `txt`, `created_at`, `status`) VALUES (20, 'selina61', '375', 'Violette Wolf', '', NULL, NULL, NULL, '1981-11-19 21:28:12', 'Culpa sunt vero est maiores nihil rerum quas. Qui illo sit molestias esse qui praesentium. Et vero qui accusamus reiciendis.');
INSERT INTO `users` (`id`, `username`, `password`, `full_name`, `profile_picture`, `work`, `vodka_consumption`, `txt`, `created_at`, `status`) VALUES (21, 'morgan.pfannerstill', '375', 'Bobby Blick', '', NULL, NULL, NULL, '1982-11-23 03:56:10', 'Blanditiis amet porro expedita ut quo voluptates sit. Rem explicabo est qui et nesciunt.');
INSERT INTO `users` (`id`, `username`, `password`, `full_name`, `profile_picture`, `work`, `vodka_consumption`, `txt`, `created_at`, `status`) VALUES (22, 'laltenwerth', '375', 'Jimmy Boehm', '', NULL, NULL, NULL, '1979-10-29 01:38:57', 'Velit dolor molestiae quia fugit cupiditate. Architecto labore nisi aspernatur est hic numquam sed esse. Nam occaecati iste aut numquam corporis accusantium.');
INSERT INTO `users` (`id`, `username`, `password`, `full_name`, `profile_picture`, `work`, `vodka_consumption`, `txt`, `created_at`, `status`) VALUES (23, 'rohan.trystan', '375', 'Ms. Ethyl Kuphal Sr.', '', NULL, NULL, NULL, '1985-07-29 16:46:36', 'Vero et laboriosam quo dignissimos qui est inventore modi. Illo explicabo fuga rerum sapiente rerum quaerat. Laudantium velit atque labore et rerum illo in recusandae. Quia delectus dicta natus voluptas et velit alias.');
INSERT INTO `users` (`id`, `username`, `password`, `full_name`, `profile_picture`, `work`, `vodka_consumption`, `txt`, `created_at`, `status`) VALUES (24, 'christ86', '375', 'Trystan Mills', '', NULL, NULL, NULL, '1995-05-02 18:02:45', 'Odio et iure ratione nihil expedita et. Magnam sit aut exercitationem dolorem sit soluta. Laborum hic non fugit quaerat. Accusamus sed laborum eum laborum voluptatibus. Quibusdam sequi non recusandae voluptatum doloremque.');
INSERT INTO `users` (`id`, `username`, `password`, `full_name`, `profile_picture`, `work`, `vodka_consumption`, `txt`, `created_at`, `status`) VALUES (25, 'volkman.franz', '375', 'Natasha Mayert', '', NULL, NULL, NULL, '2011-01-03 04:38:55', 'Ut consectetur dicta est. Qui quo mollitia neque earum magnam velit. Expedita optio porro est qui esse.');
INSERT INTO `users` (`id`, `username`, `password`, `full_name`, `profile_picture`, `work`, `vodka_consumption`, `txt`, `created_at`, `status`) VALUES (26, 'jaron73', '375', 'Maxie Leffler', '', NULL, NULL, NULL, '1993-04-26 15:15:44', 'Dolorem natus autem perspiciatis exercitationem. Velit deserunt libero mollitia et voluptate non suscipit veniam. Sed magni similique non sunt.');
INSERT INTO `users` (`id`, `username`, `password`, `full_name`, `profile_picture`, `work`, `vodka_consumption`, `txt`, `created_at`, `status`) VALUES (27, 'lang.rodrigo', '375', 'Delfina Ruecker MD', '', NULL, NULL, NULL, '1977-10-16 16:05:57', 'Dolorum dolor qui aut temporibus quaerat aut voluptates. Tenetur totam porro sit qui mollitia. Quia dolores non voluptatum culpa.');
INSERT INTO `users` (`id`, `username`, `password`, `full_name`, `profile_picture`, `work`, `vodka_consumption`, `txt`, `created_at`, `status`) VALUES (28, 'ofelia42', '375', 'Derick Runte', '', NULL, NULL, NULL, '2004-10-03 14:48:52', 'Sunt eos omnis illo possimus voluptatum doloribus eveniet dolor. Ipsam quo velit temporibus asperiores id facere amet nihil. Quia quasi qui deleniti aliquam.');
INSERT INTO `users` (`id`, `username`, `password`, `full_name`, `profile_picture`, `work`, `vodka_consumption`, `txt`, `created_at`, `status`) VALUES (29, 'wolff.fabian', '375', 'Mr. Julien Funk DDS', '', NULL, NULL, NULL, '1996-07-16 01:13:56', 'Architecto recusandae qui atque aperiam et ullam. Cupiditate qui placeat beatae beatae molestiae veniam sed. Velit quia laudantium unde. Illo omnis officia omnis nihil aut itaque optio.');
INSERT INTO `users` (`id`, `username`, `password`, `full_name`, `profile_picture`, `work`, `vodka_consumption`, `txt`, `created_at`, `status`) VALUES (30, 'makayla.gusikowski', '375', 'May Cruickshank II', '', NULL, NULL, NULL, '2010-02-28 16:04:00', 'Nemo velit et sit vero perferendis aut quam asperiores. Consectetur in ipsa tempore praesentium omnis ut qui. Eaque sint deleniti harum ea dignissimos ut explicabo eos. Dignissimos et et nihil est assumenda aut debitis. Illum totam est culpa nam.');
INSERT INTO `users` (`id`, `username`, `password`, `full_name`, `profile_picture`, `work`, `vodka_consumption`, `txt`, `created_at`, `status`) VALUES (31, 'dax38', '375', 'Selina Mann I', '', NULL, NULL, NULL, '2005-04-29 01:43:01', 'Dolorum ipsum qui quos fuga occaecati unde vero. Ut aspernatur ullam esse et id. Quo exercitationem nihil non nihil tenetur at possimus. Et rerum nam animi ea temporibus.');
INSERT INTO `users` (`id`, `username`, `password`, `full_name`, `profile_picture`, `work`, `vodka_consumption`, `txt`, `created_at`, `status`) VALUES (32, 'trice', '375', 'Sierra Schuppe', '', NULL, NULL, NULL, '1981-01-13 09:20:44', 'Et sit sed illum. Laborum consectetur quo quos tenetur. Non corporis magnam eaque sapiente eligendi sit.');
INSERT INTO `users` (`id`, `username`, `password`, `full_name`, `profile_picture`, `work`, `vodka_consumption`, `txt`, `created_at`, `status`) VALUES (33, 'omari20', '375', 'Keith Grady', '', NULL, NULL, NULL, '1993-10-22 20:52:33', 'Ipsum cum non quidem ut et atque. Cumque reiciendis impedit et. Quisquam iste qui voluptatem nulla recusandae itaque. Dolorum et pariatur ea autem exercitationem quia.');
INSERT INTO `users` (`id`, `username`, `password`, `full_name`, `profile_picture`, `work`, `vodka_consumption`, `txt`, `created_at`, `status`) VALUES (34, 'durgan.shaina', '375', 'Dr. Maiya Glover', '', NULL, NULL, NULL, '1999-02-14 07:03:32', 'Reprehenderit veritatis tempore nisi voluptatem est. Ut id dolor accusantium eum. Fuga necessitatibus sed nostrum culpa.');
INSERT INTO `users` (`id`, `username`, `password`, `full_name`, `profile_picture`, `work`, `vodka_consumption`, `txt`, `created_at`, `status`) VALUES (35, 'durward97', '375', 'Lolita Prosacco', '', NULL, NULL, NULL, '2005-03-29 03:12:44', 'Itaque ut eos architecto suscipit ut hic aut. Laboriosam autem quaerat aut suscipit voluptatem tenetur. Assumenda ea illum error neque soluta quod.');
INSERT INTO `users` (`id`, `username`, `password`, `full_name`, `profile_picture`, `work`, `vodka_consumption`, `txt`, `created_at`, `status`) VALUES (36, 'yboyle', '375', 'Ima Heller', '', NULL, NULL, NULL, '2011-05-15 11:12:47', 'Excepturi qui illo ipsa corporis vel asperiores. Nobis aut reiciendis corrupti consequuntur velit.');
INSERT INTO `users` (`id`, `username`, `password`, `full_name`, `profile_picture`, `work`, `vodka_consumption`, `txt`, `created_at`, `status`) VALUES (37, 'bridgette86', '375', 'Mrs. Elissa Funk', '', NULL, NULL, NULL, '2013-07-26 22:48:14', 'Minus deserunt autem quaerat cupiditate in. Officiis aut cupiditate sequi quaerat quisquam nemo non. Voluptatem voluptas sint aperiam reiciendis et est animi. Iusto voluptatem amet aut qui. Magnam ut dolores ut omnis et officiis praesentium incidunt.');
INSERT INTO `users` (`id`, `username`, `password`, `full_name`, `profile_picture`, `work`, `vodka_consumption`, `txt`, `created_at`, `status`) VALUES (38, 'jast.pierre', '375', 'Dr. Oral Lubowitz II', '', NULL, NULL, NULL, '1991-07-14 08:52:35', 'Libero recusandae maiores qui qui ut laborum. Temporibus ex optio repellendus minus quos commodi. Veniam placeat blanditiis numquam libero. Quae explicabo cumque eos saepe.');
INSERT INTO `users` (`id`, `username`, `password`, `full_name`, `profile_picture`, `work`, `vodka_consumption`, `txt`, `created_at`, `status`) VALUES (39, 'spencer.jensen', '375', 'Veronica Lindgren', '', NULL, NULL, NULL, '1993-07-20 13:05:25', 'Doloremque quia alias recusandae commodi voluptatum quis exercitationem aut. Dolores saepe aut aut nesciunt officiis labore. Dolores a facere occaecati ipsa. Dignissimos qui repellat soluta et sit enim accusantium quaerat.');
INSERT INTO `users` (`id`, `username`, `password`, `full_name`, `profile_picture`, `work`, `vodka_consumption`, `txt`, `created_at`, `status`) VALUES (40, 'tamia24', '375', 'Quentin Bradtke', '', NULL, NULL, NULL, '1982-06-18 03:11:42', 'Esse expedita unde quia qui. Culpa natus sit velit quia accusantium molestiae. Et alias dolorem voluptate dignissimos eveniet suscipit eius placeat.');
INSERT INTO `users` (`id`, `username`, `password`, `full_name`, `profile_picture`, `work`, `vodka_consumption`, `txt`, `created_at`, `status`) VALUES (41, 'iborer', '375', 'Miss Mathilde Reichel II', '', NULL, NULL, NULL, '1993-09-20 18:26:01', 'Inventore est sed quis repellat et nihil. Error necessitatibus illo necessitatibus modi optio. Quae quia in fugiat maiores enim consequatur dolorem delectus.');
INSERT INTO `users` (`id`, `username`, `password`, `full_name`, `profile_picture`, `work`, `vodka_consumption`, `txt`, `created_at`, `status`) VALUES (42, 'xrodriguez', '375', 'Dr. Candido Jacobs', '', NULL, NULL, NULL, '2001-06-15 03:12:52', 'Ratione veniam id minus explicabo consequuntur et. Sunt officiis eos quia. Sed est qui ad veniam quibusdam.');
INSERT INTO `users` (`id`, `username`, `password`, `full_name`, `profile_picture`, `work`, `vodka_consumption`, `txt`, `created_at`, `status`) VALUES (43, 'kenyatta.reilly', '375', 'Travon Johnston', '', NULL, NULL, NULL, '2005-06-18 19:54:47', 'Aperiam qui est molestias. Eius placeat voluptatem ut tempore ullam quis quod quia. Corrupti quo id culpa est sit molestiae. Tempora nostrum consequuntur consequatur vitae. Aliquid aliquam tenetur fugit.');
INSERT INTO `users` (`id`, `username`, `password`, `full_name`, `profile_picture`, `work`, `vodka_consumption`, `txt`, `created_at`, `status`) VALUES (44, 'kelsi42', '375', 'Mrs. Tracy Weber Sr.', '', NULL, NULL, NULL, '1994-08-15 21:23:27', 'Alias consequatur atque illo occaecati ratione eaque voluptatem sit. Quam nihil laboriosam a reiciendis. Molestias nobis sapiente veniam.');
INSERT INTO `users` (`id`, `username`, `password`, `full_name`, `profile_picture`, `work`, `vodka_consumption`, `txt`, `created_at`, `status`) VALUES (45, 'friesen.celine', '375', 'Titus Gottlieb', '', NULL, NULL, NULL, '2008-11-28 11:00:19', 'Libero eum voluptatibus molestias neque facere. Mollitia eveniet omnis vel dolor esse explicabo.');
INSERT INTO `users` (`id`, `username`, `password`, `full_name`, `profile_picture`, `work`, `vodka_consumption`, `txt`, `created_at`, `status`) VALUES (46, 'alva92', '375', 'Gregoria Lueilwitz', '', NULL, NULL, NULL, '1984-02-08 12:49:38', 'Blanditiis blanditiis voluptatibus laudantium quia. Quisquam est quod non eos et et. Tempora dolore fugiat dolorem consequatur. Eum nemo eius aliquid facilis non.');
INSERT INTO `users` (`id`, `username`, `password`, `full_name`, `profile_picture`, `work`, `vodka_consumption`, `txt`, `created_at`, `status`) VALUES (47, 'zackary.cronin', '375', 'Danyka Daugherty', '', NULL, NULL, NULL, '1970-06-08 10:47:21', 'Similique aut est inventore quod facilis in at. Ut ratione error consequatur optio. Corporis necessitatibus sapiente facilis unde veritatis. Est qui illo in vel.');
INSERT INTO `users` (`id`, `username`, `password`, `full_name`, `profile_picture`, `work`, `vodka_consumption`, `txt`, `created_at`, `status`) VALUES (48, 'rlangworth', '375', 'Annette Rau IV', '', NULL, NULL, NULL, '1997-06-20 07:29:11', 'Accusamus possimus possimus et molestiae occaecati impedit explicabo nam. Dicta accusantium corporis mollitia. Quisquam qui ea provident aspernatur iste. Saepe aut et vitae error minus in et.');
INSERT INTO `users` (`id`, `username`, `password`, `full_name`, `profile_picture`, `work`, `vodka_consumption`, `txt`, `created_at`, `status`) VALUES (49, 'robin68', '375', 'Lisette Bashirian', '', NULL, NULL, NULL, '2013-10-15 07:22:38', 'Consequuntur ut officia enim ipsam ut hic porro. Voluptatum neque aut facilis velit officia dicta odio. Illo minus id necessitatibus cumque. Ducimus est et iste necessitatibus.');
INSERT INTO `users` (`id`, `username`, `password`, `full_name`, `profile_picture`, `work`, `vodka_consumption`, `txt`, `created_at`, `status`) VALUES (50, 'kovacek.alyce', '375', 'Mohamed Kassulke', '', NULL, NULL, NULL, '1972-01-15 00:02:55', 'Magnam voluptatem ut facere. Fuga et neque qui officia. Dolorum inventore voluptates maiores ea.');
